Rank,Company,Sells_2017,Sells_2016,Revenue_2017,EBITDA_2017,Employees,IndustrialActivity,Location
1,MERCADONASA,21.072.429.00,19.823.515.00,322.225.00,753.824.00,84.485,Minoristasdealimentos/medicamentos,TAVERNESBLANQU(VALENCIA)
2,REPSOLPETROLEOSA,19.651.680.00,16.161.180.00,856.910.00,1.171.631.00,3.879,Petr�leoygas,Madrid(MADRID)
3,COMPA�IAESPA�OLADEPETROLEOSSA,16.159.083.00,13.477.469.00,408.276.00,989.504.00,2.597,Petr�leoygas,MADRID(MADRID)
4,REPSOLCOMERCIALDEPRODUCTOSPETROLIFEROSSA,14.149.175.00,12.357.809.00,205.557.00,369.194.00,662,Petr�leoygas,MADRID(MADRID)
5,CEPSATRADINGSA,13.517.132.00,10.959.335.00,41.22.00,53.376.00,88,Petr�leoygas,MADRID(MADRID)
6,ENDESAENERGIASA,12.622.285.00,11.767.670.00,-176.591.00,-94.353.00,1.024,Utilities/Serviciosdeutilidadp�blica,Madrid(MADRID)
7,ELCORTEINGLESSA,11.732.409.00,11.001.619.00,245.235.00,710.155.00,69.145,Minoristas(exceptoalimentosymedicamentos),MADRID(MADRID)
8,INDUSTRIADEDISE�OTEXTILSA,10.481.00.00,9.494.686.00,2.375.00.00,2.573.00.00,1.933,Ropa/textiles,ARTEIXO(LACORU�A)
9,SEATSA,10.013.400.00,9.023.100.00,281.200.00,459.600.00,14.106,Automotor,MARTORELL(BARCELONA)
10,FORDESPA�ASL,9.209.636.00,8.992.948.00,46.019.00,433.729.00,7.791,Automotor,ALCOBENDAS(MADRID)
11,SOCIEDADESTATALLOTERIASYAPUESTASDELESTADOSMESA,8.971.780.00,8.860.263.00,1.792.782.00,2.392.149.00,583,Productos/actividadesdeocio/Pel�culas,Madrid(MADRID)
12,TELEFONICADEESPA�ASA,8.624.985.00,8.406.973.00,1.574.438.00,3.229.770.00,17.243,Telecomunicaciones,Madrid(MADRID)
13,RENAULTESPA�ASA,8.338.006.00,8.591.648.00,113.648.00,362.192.00,13.572,Automotor,VALLADOLID(MADRID)
14,CENTROSCOMERCIALESCARREFOURSA,8.120.635.00,7.55.509.00,104.139.00,175.085.00,37.513,Minoristas(exceptoalimentosymedicamentos),MADRID(MADRID)
15,IBERDROLACLIENTESSA,7.564.431.00,7.438.203.00,424.119.00,575.519.00,503,Utilities/Serviciosdeutilidadp�blica,BILBAO(VIZCAYA)
16,REPSOLTRADINGSA,7.455.809.00,5.99.005.00,158.313.00,196.030.00,152,Petr�leoygas,MADRID(MADRID)
17,IBERDROLAGENERACIONESPA�ASA,6.755.841.00,6.711.572.00,446.345.00,418.549.00,258,Utilities/Serviciosdeutilidadp�blica,BILBAO(VIZCAYA)
18,CAIXABANKSA,6.287.389.00,6.647.635.00,1.428.131.00,1.212.008.00,-,Intermediariosfinancieros,BARCELONA(BARCELONA)
19,GASNATURALCOMERCIALIZADORASA,5.792.547.00,5.744.736.00,-17.181.00,-10.500.00,277,Petr�leoygas,MADRID(MADRID)
20,MERCEDES-BENZESPA�ASA,5.465.688.00,4.918.742.00,70.408.00,188.114.00,5.507,Automotor,ALCOBENDAS(MADRID)
21,BANCOSANTANDERSA,5.460.00.00,5.763.00.00,3.006.00.00,2.773.00.00,-,Intermediariosfinancieros,SANTANDER(CANTABRIA)
22,PETROLEOSDELNORTESA,5.446.768.00,4.619.628.00,178.224.00,255.933.00,1.035,Petr�leoygas,muskiz(VIZCAYA)
23,NATURGYENERGYGROUPSA,5.436.00.00,5.506.00.00,1.023.00.00,1.587.00.00,1.819,Petr�leoygas,MADRID(MADRID)
24,ORANGEESPAGNESA,5.217.869.00,4.824.750.00,338.576.00,1.280.132.00,2.807,Telecomunicaciones,POZUELODEALAR(MADRID)
25,PEUGEOTCITROENAUTOMOVILESESPA�ASA,5.121.843.557,5.223.843.227,48.506.876,183.569.509,7.006,Automotor,VIGO(PONTEVEDRA)
26,BANCOBILBAOVIZCAYAARGENTARIASA,5.019.00.00,6.376.00.00,2.083.00.00,2.256.00.00,-,Intermediariosfinancieros,BILBAO(VIZCAYA)
27,NATURGYAPROVISIONAMIENTOSSA,4.700.100.00,4.322.740.00,144.213.00,201.969.00,-,Petr�leoygas,MADRID(MADRID)
28,OPELESPA�ASL,4.677.578.00,4.357.254.00,33.557.00,155.490.00,5.450,Automotor,FIGUERUELAS(ZARAGOZA)
29,DISTRIBUIDORAINTERNACIONALDEALIMENTACIONSA,4.674.500.00,4.816.288.00,88.898.00,274.095.00,15.644,Minoristasdealimentos/medicamentos,LASROZASDEMA(MADRID)
30,BPOILESPA�ASA,4.590.711.512,4.055.247.775,73.338.44,183.354.801,849,Petr�leoygas,Castellon(CASTELL�N)
31,ENDESAGENERACIONSA,4.563.964.00,3.633.898.00,987.099.00,718.208.00,12.492,Utilities/Serviciosdeutilidadp�blica,Sevilla(SEVILLA)
32,GALPENERGIAESPA�ASA,4.539.933.00,2.723.156.00,-,49.692.00,318,Petr�leoygas,ALCOBENDAS(MADRID)
33,IBERIALINEASAEREASDEESPA�ASAOPERADORA,4.530.00.00,4.238.00.00,206.00.00,270.00.00,16.393,Transportea�reo,MADRID(MADRID)
34,CEPSACOMERCIALPETROLEOSA,4.455.636.00,3.778.304.00,149.148.00,261.917.00,1.048,Petr�leoygas,MADRID(MADRID)
35,MAPFREESPA�ACOMPA�IADESEGUROSYREASEGUROSSA,4.406.190.00,4.417.637.00,307.748.00,404.431.00,-,Seguro,MAJADAHONDA(MADRID)
36,AMADEUSITGROUPSA,4.308.800.00,3.973.100.00,596.100.00,689.700.00,1.028,Telecomunicaciones,MADRID(MADRID)
37,VODAFONEESPA�ASA,4.173.455.00,4.220.149.00,-180.277.00,507.385.00,3.339,Telecomunicaciones,MADRID(MADRID)
38,TELEFONICAMOVILESESPA�ASA,4.046.046.00,4.11.398.00,552.099.00,1.190.097.00,3.984,Telecomunicaciones,madrid(MADRID)
39,ALVEANSUGARSL,3.831.215.00,4.343.363.00,2.667.00,12.845.00,3,Productosalimenticios,BILBAO(VIZCAYA)
40,AENASMESA,3.765.593.00,3.516.303.00,1.219.751.00,2.451.454.00,7.44,Transportea�reo,MADRID(MADRID)
41,VOLKSWAGENGROUPESPA�ADISTRIBUCIONSA,3.764.154.00,3.547.720.00,23.504.00,38.940.00,355,Automotor,PratDeLlobreg(BARCELONA)
42,TELEFONICASA,3.757.00.00,2.756.00.00,554.00.00,2.043.00.00,1.091,Telecomunicaciones,MADRID(MADRID)
43,NATURGYIBERIASA,3.698.600.00,3.718.672.00,9.830.00,48.830.00,561,Petr�leoygas,MADRID(BARCELONA)
44,LIDLSUPERMERCADOSSA,3.630.052.00,3.370.940.00,150.403.00,309.986.00,-,Minoristasdealimentos/medicamentos,MONTCADAIREIX(BARCELONA)
45,ARCELORMITTALESPA�ASA,3.509.817.00,2.823.397.00,67.534.00,130.924.00,6.795,Acero,Goz�n(ASTURIAS)
46,REPSOLQUIMICASA,3.468.394.00,3.099.068.00,550.040.00,561.644.00,1.304,Petr�leoygas,Madrid(MADRID)
47,BANCODESABADELLSA,3.454.924.00,3.606.114.00,519.170.00,422.322.00,15.302,Intermediariosfinancieros,ALICANTE(ALICANTE)
48,ALCAMPOSA,3.310.655.00,3.242.761.00,100.830.00,178.649.00,14.034,Minoristasdealimentos/medicamentos,MADRID(MADRID)
49,PSAGAUTOMOVILESCOMERCIALESPA�ASA,3.182.354.446,1.316.845.805,16.601.162,160.805.687,340,Automotor,MADRID(MADRID)
50,RENFEVIAJEROSSA,3.116.128.00,2.738.303.00,74.942.00,424.809.00,9.545,Ferrocarrilyindustriascorrespondientes,MADRID(MADRID)
51,AIRBUSDEFENCEANDSPACESA,3.098.857.00,2.780.663.00,134.806.00,38.671.00,7.838,Aeroespacialydefensa,MADRID(MADRID)
52,COFARESSOCIEDADCOOPERATIVAFARMAC�UTICAESPA�OLA,3.095.854.787,2.909.703.889,3.825.793,15.737.907,-,Productosf�rmacos/Medicamentos,Madrid(MADRID)
53,MEXGASSUPPLYSL,3.042.417.00,2.231.979.00,29.957.00,45.970.00,-,Petr�leoygas,MADRID(MADRID)
54,CEPSAQUIMICASA,2.931.332.00,2.337.706.00,139.659.00,217.558.00,417,Petr�leoygas,MADRID(MADRID)
55,ALUMINIOESPA�OLSL,2.765.737.00,1.902.135.00,58.974.00,106.104.00,677,Metalesnoferrosos/minerales,MADRID(MADRID)
56,ENDESAENERGIAXXISL,2.762.876.00,2.733.77.00,-40.373.00,-36.210.00,-,Utilities/Serviciosdeutilidadp�blica,MADRID(MADRID)
57,TECNICASREUNIDASSA,2.743.341.00,2.978.816.00,187.33.00,199.650.00,3.421,Construcci�nyDesarrollo,MADRID(MADRID)
58,IBERDROLASA,2.731.189.00,2.639.838.00,1.598.871.00,1.869.871.00,719,Utilities/Serviciosdeutilidadp�blica,BILBAO(VIZCAYA)
59,BUNGEIBERICASA,2.724.950.00,2.256.247.00,31.504.00,24.340.00,326,Agricultura,MADRID(MADRID)
60,NISSANMOTORIBERICASA,2.689.821.00,2.802.151.00,25.806.00,177.630.00,5.025,Automotor,BARCELONA(BARCELONA)
61,IVECOESPA�ASL,2.670.843.00,2.492.605.00,69.922.00,121.463.00,3.679,Automotor,Madrid(MADRID)
62,MICHELINESPA�APORTUGALSA,2.653.227.00,2.516.945.00,193.681.00,387.801.00,7.721,Automotor,TresCantos(MADRID)
63,RENAULTESPA�ACOMERCIALSA,2.563.296.00,2.281.644.00,15.825.00,32.512.00,334,Automotor,VALLADOLID(VALLADOLID)
64,VOLKSWAGENNAVARRASA,2.552.022.00,2.929.944.00,55.896.00,143.356.00,5.166,Automotor,Arazuri(NAVARRA)
65,COCA-COLAEUROPEANPARTNERSIBERIASL,2.526.986.00,2.419.99.00,259.065.00,338.159.00,58,BebidasyTabaco,MADRID(MADRID)
66,ENDESADISTRIBUCIONELECTRICASL,2.500.921.00,2.312.797.00,1.047.441.00,2.015.340.00,2.771,Utilities/Serviciosdeutilidadp�blica,MADRID(MADRID)
67,BANKIASA,2.368.407.00,2.743.635.00,468.752.00,606.291.00,17.217,Intermediariosfinancieros,VALENCIA(VALENCIA)
68,CONSUMSCOOPV,2.358.128.507,2.201.898.196,51.724.561,134.648.641,13.106,Minoristasdealimentos/medicamentos,SILLA(VALENCIA)
69,VIAJESELCORTEINGLESSA,2.353.565.527,2.233.168.687,28.512.630,50.847.606,5.22,Productos/actividadesdeocio/Pel�culas,MADRID(MADRID)
70,BIDAFARMASDADCOOPAND,2.179.038.167,538.914.107,1.265.029,9.932.427,1.631,Minoristasdealimentos/medicamentos,SEVILLA(SEVILLA)
71,SOCIEDADDEGESTIONDEACTIVOSPROCEDENTESDELAREESTRUCTURACIONBANCARIASOCIEDADANONIMA,2.160.858.00,2.160.672.00,-564.576.00,65.337.00,387,Intermediariosfinancieros,MADRID(MADRID)
72,BANCOPOPULARESPA�OLSA,2.159.755.00,2.731.596.00,-13.594.848.00,-3.950.720.00,-,Intermediariosfinancieros,MADRID(MADRID)
73,IBERDROLADISTRIBUCIONELECTRICASA,2.120.707.00,2.147.758.00,691.064.00,1.486.499.00,3.795,Utilities/Serviciosdeutilidadp�blica,BILBAO(VIZCAYA)
74,VUELINGAIRLINESSA,2.107.524.00,2.045.348.00,117.290.00,206.572.00,3.089,Transportea�reo,ElPratdelLo(BARCELONA)
75,ORGANIZACIONNACIONALDECIEGOSESPA�OLES,2.006.907.00,1.931.980.00,30.925.00,45.380.00,22.900,Otros/varios,MADRID(MADRID)
76,BMWIBERICASA,1.969.819.00,1.789.090.00,16.672.00,23.640.00,209,Automotor,MADRID(MADRID)
77,NESTLEESPA�ASA,1.962.521.00,1.973.404.00,115.018.00,185.363.00,4.032,Productosalimenticios,ESPLUGUESDELL(BARCELONA)
78,EROSKISOCIEDADCOOPERATIVA,1.956.520.00,1.950.860.00,13.037.00,139.522.00,-,Minoristasdealimentos/medicamentos,ELORRIO(VIZCAYA)
79,AIREUROPALINEASAEREASSA,1.950.481.00,1.802.865.00,5.420.00,39.029.00,3.177,Transportea�reo,LLUCMAJOR(ISLASBALEARES)
80,NATURGYGENERACIONSL,1.945.044.00,1.844.398.00,-456.019.00,229.324.00,967,Petr�leoygas,MADRID(MADRID)
81,ZARAESPA�ASA,1.910.088.769,1.723.322.779,286.364.063,435.509.753,12.595,Ropa/textiles,ARTEIXO(LACORU�A)
82,INDRASISTEMASSA,1.904.280.00,1.875.745.00,91.533.00,178.113.00,11.790,Aeroespacialydefensa,ALCOBENDAS(MADRID)
83,REDELECTRICADEESPA�ATSOSA,1.853.142.00,1.825.971.00,619.359.00,1.466.699.00,1.709,Utilities/Serviciosdeutilidadp�blica,Alcobendas(MADRID)
84,IBERDROLAESPA�ASA,1.846.165.00,1.833.374.00,1.515.181.00,1.531.166.00,971,Utilities/Serviciosdeutilidadp�blica,BILBAO(VIZCAYA)
85,LEROYMERLINESPA�ASL,1.843.078.00,1.703.819.00,77.653.00,127.810.00,10.655,Minoristas(exceptoalimentosymedicamentos),Alcobendas(MADRID)
86,SAMSUNGELECTRONICSIBERIASA,1.826.409.00,1.723.946.00,29.094.00,37.442.00,327,Productoselectr�nicos/el�ctricos,ALCOBENDAS(MADRID)
87,ENDESASA,1.800.00.00,1.838.00.00,1.491.00.00,1.532.00.00,1.360,Utilities/Serviciosdeutilidadp�blica,Madrid(MADRID)
88,ATLANTICCOPPERSL,1.790.595.00,1.658.722.00,24.356.00,18.585.00,66,Metalesnoferrosos/minerales,HUELVA(HUELVA)
89,COMPA�IADEDISTRIBUCIONINTEGRALLOGISTASA,1.771.927.00,1.814.435.00,179.867.00,65.683.00,1.001,Transporteterrestre,LEGANES(MADRID)
90,PUNTOFASL,1.767.408.00,1.770.672.00,-48.588.00,17.815.00,5.604,Ropa/textiles,PALAU-SOLITAI(BARCELONA)
91,FOMENTODECONSTRUCCIONESYCONTRATASSA,1.757.260.00,1.346.563.00,184.337.00,604.142.00,24.562,Construcci�nyDesarrollo,BARCELONA(BARCELONA)
92,AIRBUSOPERATIONSSL,1.755.632.00,1.532.121.00,305.404.00,22.407.00,3.452,Aeroespacialydefensa,GETAFE(MADRID)
93,LILLYSA,1.744.540.583,1.859.466.629,26.356.264,33.904.060,608,Productosf�rmacos/Medicamentos,ALCOBENDAS(MADRID)
94,HOTELBEDSSL,1.739.607.00,1.591.657.00,10.562.00,14.917.00,119,Productos/actividadesdeocio/Pel�culas,PalmadeMallor(ISLASBALEARES)
95,DISASUMINISTROSYTRADINGSL,1.735.800.00,1.422.958.00,4.682.00,5.539.00,16,Petr�leoygas,SANTACRUZDET(SANTACRUZDET)
96,DECATHLONESPA�ASA,1.729.757.402,1.656.894.515,120.237.806,183.265.334,11.601,Minoristas(exceptoalimentosymedicamentos),SANSEBASTIAND(MADRID)
97,AIRBUSMILITARYSL,1.728.304.00,1.416.547.00,2.169.00,3.189.00,-,Aeroespacialydefensa,MADRID(MADRID)
98,SOCIEDADESTATALCORREOSYTELEGRAFOSSASME,1.704.938.00,1.774.958.00,-60.727.00,-106.301.00,-,Utilities/Serviciosdeutilidadp�blica,MADRID(MADRID)
99,CORPORACIONALIMENTARIAGUISSONASA,1.678.896.152,1.548.858.435,54.812.992,105.828.330,3.330,Productosalimenticios,GUISSONA(LLEIDA)
100,EDPESPA�ASA,1.659.926.00,1.845.492.00,-75.696.00,32.576.00,576,Utilities/Serviciosdeutilidadp�blica,OVIEDO(MADRID)
101,BSHELECTRODOMESTICOSESPA�ASA,1.647.214.00,1.592.345.00,53.865.00,106.249.00,4.431,Productoselectr�nicos/el�ctricos,ZARAGOZA(ZARAGOZA)
102,ACCIONACONSTRUCCIONSA,1.614.596.00,831.485.00,-21.339.00,92.229.00,-,Construcci�nyDesarrollo,MADRID(MADRID)
103,AHORRAMASSA,1.599.617.959,1.571.420.838,83.562.743,152.364.340,9.417,Minoristasdealimentos/medicamentos,VALILLASS.ANT(MADRID)
104,IDCQHOSPITALESYSANIDADSL,1.596.598.00,1.453.648.00,40.296.00,229.013.00,13.969,Cuidadodelasalud,MADRID(MADRID)
105,TOYOTAESPA�ASL,1.596.174.00,1.321.564.00,3.866.00,7.935.00,135,Automotor,ALCOBENDAS(MADRID)
106,PEUGEOTESPA�ASA,-,1.596.075.742,-,-,340,Automotor,MADRID(MADRID)
107,TELEFONICAAUDIOVISUALDIGITALSL,1.557.072.00,1.389.540.00,29.597.00,46.622.00,705,RadioyTelevisi�n,TRESCANTOS(MADRID)
108,IBERDROLACOMERCIALIZACIONDEULTIMORECURSOSA,1.517.22.00,1.488.011.00,-23.989.00,-31.667.00,-,Utilities/Serviciosdeutilidadp�blica,BILBAO(VIZCAYA)
109,ACERINOXEUROPASA,1.488.371.00,1.269.721.00,58.908.00,112.545.00,2.297,Acero,LosBarrios(C�DIZ)
110,BASFESPA�OLASLU,1.475.442.00,1.526.803.00,101.038.00,118.196.00,1.897,Productosqu�micosypl�sticos,BARCELONA(BARCELONA)
11,PRIMARKTIENDASSL,1.473.292.488,1.370.973.034,61.069.431,11.494.114,5.749,Ropa/textiles,MADRID(MADRID)
112,SAGANESA,1.451.103.00,1.380.629.00,191.867.00,442.00,-,Petr�leoygas,MADRID(MADRID)
113,FCCONSTRUCCIONSA,1.425.956.00,1.516.468.00,50.384.00,50.913.00,2.489,Construcci�nyDesarrollo,Barcelona(BARCELONA)
114,BERSHKABSKESPA�ASA,1.408.251.245,1.271.828.183,212.139.567,163.291.723,4.232,Ropa/textiles,ARTEIXO(LACORU�A)
115,IKEAIBERICASA,1.388.858.00,1.336.822.00,92.236.00,170.398.00,8.102,Mueblesparaelhogar/Equipar,SANSEBASTIAND(MADRID)
116,MEXGASTRADINGSL,-,1.386.557.00,-,-,-,Petr�leoygas,MADRID(MADRID)
117,CARGILLSL,1.384.221.00,1.220.826.00,4.471.00,47.511.00,685,Agricultura,MARTORELL(BARCELONA)
118,ELECNORSA,1.379.610.00,1.190.726.00,48.508.00,67.518.00,-,Construcci�nyDesarrollo,MADRID(MADRID)
119,BUILDINGCENTERSA,1.369.789.00,1.224.452.00,-419.299.00,-533.474.00,129,Inmobiliariasysimilares,MADRID(MADRID)
120,COMERCIALIZADORAREGULADAGAS&POWERSA,1.351.353.00,1.290.722.00,-22.003.00,-24.412.00,-,Petr�leoygas,MADRID(MADRID)
121,VILMAOILSL,1.338.348.017,1.250.839.078,8.767.585,-1.574.653,41,Petr�leoygas,LASROZASDEMA(MADRID)
122,BONPREUSA,1.316.88.781,1.181.733.865,30.029.438,64.125.612,6.337,Minoristasdealimentos/medicamentos,LESMASIESDEV(BARCELONA)
123,DRAGADOSSA,1.300.628.00,1.354.343.00,119.113.00,141.099.00,3.383,Construcci�nyDesarrollo,Madrid(MADRID)
124,EDPENERGIASA,1.299.586.00,1.452.576.00,544.00,5.334.00,-,Utilities/Serviciosdeutilidadp�blica,OVIEDO(ASTURIAS)
125,CAJADESEGUROSREUNIDOSCOMPA�IADESEGUROSYREASEGUROSSA,1.297.038.355,1.122.77.726,61.836.738,-,-,Seguro,MADRID(MADRID)
126,CUNEXTCOPPERINDUSTRIESSL,1.295.039.683,986.824.730,1.282.256,3.921.530,104,Metalesnoferrosos/minerales,CORDOBA(C�RDOBA)
127,DISAPENINSULASL,1.291.709.00,1.102.063.00,7.720.00,29.993.00,71,Petr�leoygas,MADRID(MADRID)
128,AXPOIBERIASL,1.290.542.750,892.341.231,3.608.004,11.519.967,81,Utilities/Serviciosdeutilidadp�blica,MADRID(MADRID)
129,ARCELORMITTALCOMMERCIALSPAINSL,1.290.035.574,993.139.351,4.043.480,8.213.052,11,Acero,MADRID(MADRID)
130,IBERDROLAREDESESPA�ASA,-,1.288.500.00,-,-,-,Utilities/Serviciosdeutilidadp�blica,BILBAO(VIZCAYA)
131,ALLIANCEHEALTHCAREESPA�ASA,1.287.477.00,1.313.373.00,7.631.00,18.277.00,939,Equiposindustriales,VILLANUEVADEG(ZARAGOZA)
132,TEMPESA,1.278.215.934,1.259.673.588,94.244.875,102.317.674,1.877,Ropa/textiles,Arteixo(LACORU�A)
133,BAYERHISPANIASL,1.258.275.00,584.480.00,723.935.00,768.297.00,886,Productosf�rmacos/Medicamentos,SantJoanDespi(BARCELONA)
134,DOWCHEMICALIBERICASL,1.253.434.916,1.109.793.753,24.549.344,64.697.508,721,Productosqu�micosypl�sticos,MADRID(MADRID)
135,MAKROAUTOSERVICIOMAYORISTASA,1.249.565.848,1.235.903.086,29.139.160,50.990.626,3.650,Productosalimenticios,MADRID(MADRID)
136,GRUPOGEDESCOSA,1.243.251.952,1.157.641.908,442.495,20.546.651,268,Intermediariosfinancieros,VALENCIA(VALENCIA)
137,ANTONIOPUIGSA,1.226.570.00,1.140.118.00,172.751.00,245.995.00,1.662,Productoscosm�ticos/CuidadoPersonal,HOSPITALETDEL(BARCELONA)
138,ENELIBERIASL,1.215.605.00,1.537.804.00,1.129.502.00,1.257.158.00,174,Utilities/Serviciosdeutilidadp�blica,madrid(MADRID)
139,IBERDROLAGENERACIONNUCLEARSA,1.214.276.00,952.068.00,-110.875.00,302.803.00,501,Utilities/Serviciosdeutilidadp�blica,MADRID(MADRID)
140,UNIONELECTRICADECANARIASGENERACIONSA,1.212.286.00,1.037.849.00,156.695.00,232.031.00,595,Utilities/Serviciosdeutilidadp�blica,LASPALMASDEG(LASPALMAS)
141,REGULADORADECOMPRASDELMEDITERRANEOSA,1.210.991.996,1.151.038.790,107.755,305.387,-,Minoristasdealimentos/medicamentos,SANTOMERA(MURCIA)
142,TECHDATAESPA�ASL,1.205.515.00,1.233.662.00,16.291.00,11.100.00,-,Productoselectr�nicos/el�ctricos,BARCELONA(BARCELONA)
143,REPSOLBUTANOSA,1.204.210.00,1.140.714.00,157.430.00,172.344.00,781,Petr�leoygas,MADRID(MADRID)
144,VODAFONEONOSA,1.192.404.00,1.545.361.00,9.500.00,584.138.00,1.462,Telecomunicaciones,MADRID(MADRID)
145,MEDIAPRODUCCIONSL,1.176.960.933,1.104.873.236,91.360.011,114.235.402,449,RadioyTelevisi�n,BARCELONA(BARCELONA)
146,XFERAMOVILESSA,1.172.032.00,901.763.00,34.557.00,154.243.00,346,Telecomunicaciones,Alcobendas(MADRID)
147,ENAGASTRANSPORTESA,1.166.362.00,1.173.079.00,462.275.00,838.226.00,833,Petr�leoygas,MADRID(MADRID)
148,BANKINTERSA,1.152.194.00,1.156.671.00,472.487.00,586.596.00,-,Intermediariosfinancieros,MADRID(MADRID)
149,MAHOUSA,1.147.33.804,1.116.846.428,125.663.890,211.195.506,-,BebidasyTabaco,MADRID(MADRID)
150,FIATCHRYSLERAUTOMOBILESSPAINSA,1.143.940.00,1.022.041.00,-22.148.00,-12.548.00,170,Automotor,ALCALADEHENAR(MADRID)
151,HOTELBEDSPRODUCTSL,1.140.816.00,1.113.847.00,24.032.00,31.789.00,178,Productos/actividadesdeocio/Pel�culas,PalmadeMallor(ISLASBALEARES)
152,ELPOZOALIMENTACIONSA,1.136.780.467,1.050.054.746,61.905.661,109.176.986,4.597,Productosalimenticios,ALHAMADEMURCI(MURCIA)
153,VALEOILUMINACIONSA,1.114.768.436,898.640.304,35.816.115,88.868.184,4.153,Automotor,martos(JA�N)
154,GRUPOMASSIMODUTTISA,1.112.511.847,1.039.937.698,125.535.016,82.039.305,3.455,Ropa/textiles,ARTEIXO(LACORU�A)
155,PULL&BEARESPA�ASA,1.108.270.525,1.018.787.691,94.345.044,92.738.650,-,Ropa/textiles,ARTEIXO(�LAVA)
156,NOVARTISFARMACEUTICASA,1.106.791.163,1.074.885.152,52.849.376,78.364.413,1.348,Productosf�rmacos/Medicamentos,BARCELONA(BARCELONA)
157,HUAWEITECHNOLOGIESESPA�ASL,1.098.400.736,1.002.214.945,23.916.981,42.320.431,1.182,Productoselectr�nicos/el�ctricos,LASTABLAS(MADRID)
158,STRADIVARIUSESPA�ASA,1.095.603.358,1.004.549.830,124.960.216,137.912.189,4.748,Ropa/textiles,ARTEIXO(LACORU�A)
159,ASISAASISTENCIASANITARIAINTERPROVINCIALDESEGUROSSA,1.094.580.907,1.071.062.412,20.080.742,28.902.662,835,Seguro,MADRID(MADRID)
160,HERMANDADFARMACEUTICADELMEDITERRANEOSOCIEDADCOOPERATIVA,1.086.886.00,1.016.150.00,2.915.00,7.044.00,-,Productosf�rmacos/Medicamentos,MURCIA(CANTABRIA)
161,DINOSOLSUPERMERCADOSSL,1.079.963.00,1.029.806.00,16.045.00,49.510.00,7.154,Minoristasdealimentos/medicamentos,LASPALMASDEG(LASPALMAS)
162,FONDODEGARANTIADEDEPOSITOSDEENTIDADESDECREDITO,1.069.331.200,919.023.500,356.968.00,512.205.500,54,Intermediariosfinancieros,Madrid(MADRID)
163,SAINDUSTRIASCELULOSAARAGONESA,1.066.549.463,939.754.342,214.575.426,303.966.739,689,Industriamaderera,ZARAGOZA(ZARAGOZA)
164,PONTEGADEAINVERSIONESSL,1.065.00.00,940.00.00,736.00.00,734.00.00,15,Inmobiliariasysimilares,ARTEIXO(LACORU�A)
165,MUTUAMADRILE�AAUTOMOVILISTASOCIEDADDESEGUROSAPRIMAFIJA,1.063.218.00,1.030.766.00,175.282.00,-,1.387,Seguro,MADRID(MADRID)
166,IBERDROLAGENERACIONSA,1.054.837.00,1.256.277.00,-1.343.435.00,-1.169.782.00,1.217,Utilities/Serviciosdeutilidadp�blica,BILBAO(VIZCAYA)
167,SCHNEIDERELECTRICESPA�ASA,1.052.499.00,1.066.455.00,-37.848.00,26.648.00,3.024,Productoselectr�nicos/el�ctricos,Barcelona(BARCELONA)
168,SARASENERGIASA,1.041.640.00,1.035.527.00,-6.750.00,3.997.00,299,Petr�leoygas,Madrid(MADRID)
169,CLECESA,1.039.610.00,1.108.287.00,33.970.00,49.623.00,53.336,Equiposyservicioscomerciales,MADRID(MADRID)
170,GENERALMARKETSFOODIBERICASA,1.032.653.367,988.700.445,6.324.697,28.289.419,2.469,Minoristasdealimentos/medicamentos,Vilamalla(GIRONA)
171,UNIONFENOSAGASSA,1.021.308.00,723.209.00,-34.281.00,12.769.00,114,Utilities/Serviciosdeutilidadp�blica,MADRID(MADRID)
172,CONSTRUCCIONESYAUXILIARDEFERROCARRILESSA,1.015.632.554,935.595.711,10.33.147,31.774.681,3.929,Ferrocarrilyindustriascorrespondientes,BEASAIN(GUIP�ZCOA)
173,HEINEKENESPA�ASA,1.015.370.161,989.251.420,246.978.134,254.399.326,-,BebidasyTabaco,SEVILLA(SEVILLA)
174,HPPRINTINGANDCOMPUTINGSOLUTIONSSL,1.007.572.00,824.658.00,14.726.00,36.938.00,2.178,Productoselectr�nicos/el�ctricos,LASROZAS(MADRID)
175,VIAJESHALCONSA,1.005.207.00,1.013.064.00,2.021.00,2.226.00,1.650,Productos/actividadesdeocio/Pel�culas,LLUCMAJOR(ISLASBALEARES)
176,EONGENERACIONSL,997.197.00,909.045.00,-84.862.00,24.453.00,-,Utilities/Serviciosdeutilidadp�blica,santander(CANTABRIA)
177,ABANCACORPORACIONBANCARIASA,989.771.00,889.568.00,291.958.00,294.442.00,-,Intermediariosfinancieros,BETANZOS(LACORU�A)
178,CAPRABOSA,982.823.00,1.014.270.00,11.126.00,28.581.00,6.293,Minoristasdealimentos/medicamentos,L�HOSPITALETDE(BARCELONA)
179,CORPORACIONDERADIOYTELEVISIONESPA�OLASASME,979.476.724,971.938.827,23.317.918,72.128.661,-,RadioyTelevisi�n,POZUELODEALAR(MADRID)
180,COMPA�IAESPA�OLADELAMINACIONSL,970.254.00,837.658.00,-693.00,72.595.00,935,Acero,CASTELLBISBAL(BARCELONA)
181,VEGOSUPERMERCADOSSA,956.943.00,927.601.00,17.206.00,39.884.00,5.603,Minoristasdealimentos/medicamentos,ACORU�A(LACORU�A)
182,SUPERMERCADOSSABECOSA,956.241.00,954.759.00,-3.679.00,12.523.00,4.301,Minoristasdealimentos/medicamentos,VILLANUEVODEG(�VILA)
183,CAMPOFRIOFOODGROUPSA,938.700.00,919.816.00,-1.715.00,48.020.00,-,Productosalimenticios,MADRID(MADRID)
184,PUBLIESPA�ASA,934.132.739,922.986.075,67.095.032,88.512.590,-,Consultor�aempresarialyotros,MADRID(MADRID)
185,METRODEMADRIDSA,933.388.00,909.248.00,4.281.00,123.693.00,6.800,Utilities/Serviciosdeutilidadp�blica,Madrid(MADRID)
186,CASATARRADELLASSA,917.627.00,883.623.00,24.372.00,45.464.00,-,Productosalimenticios,GURBDELAPLAN(BARCELONA)
187,CANALDEISABELIISA,914.887.00,897.618.00,261.886.00,377.514.00,2.620,Utilities/Serviciosdeutilidadp�blica,MADRID(MADRID)
188,SIEMENSGAMESARENEWABLEENERGYEOLICASL,914.770.00,1.201.960.00,-47.894.00,-46.872.00,1.551,Construcci�nyDesarrollo,SARRIGUREN(NAVARRA)
189,RANDSTADEMPLEOEMPRESADETRABAJOTEMPORALSA,907.916.00,794.44.00,24.532.00,32.750.00,45.323,Otros/varios,MADRID(MADRID)
190,FERROVIALAGROMANSA,895.335.00,825.717.00,51.904.00,72.411.00,2.451,Construcci�nyDesarrollo,Madrid(MADRID)
191,WORLDDUTYFREEGROUPSA,893.617.00,967.462.00,170.131.00,34.088.00,2.045,Minoristasdealimentos/medicamentos,MADRID(MADRID)
192,UFDDISTRIBUCIONELECTRICIDADSA,890.292.00,857.269.00,153.600.00,615.786.00,1.329,Utilities/Serviciosdeutilidadp�blica,MADRID(MADRID)
193,CARBURANTSAXOILSL,889.710.083,757.219.020,479.336,1.806.77,15,Petr�leoygas,ESPARREGUERA(BARCELONA)
194,LOREALESPA�ASA,886.345.00,828.835.00,85.942.00,122.287.00,2.138,Productoscosm�ticos/CuidadoPersonal,MADRID(MADRID)
195,GADISARETAILSL,885.918.904,848.213.087,89.259.280,7.263.254,652,Productosalimenticios,BETANZOS(LACORU�A)
196,VESTASMANUFACTURINGSPAINSL,880.211.309,718.451.283,3.115.129,20.835.899,1.099,Equiposindustriales,DAIMIEL(CIUDADREAL)
197,MIGASAACEITESSL,879.455.452,857.939.228,13.753.513,19.649.028,109,Productosalimenticios,DosHermanas(SEVILLA)
198,UNIONFENOSAGASCOMERCIALIZADORASA,878.569.00,749.727.00,-1.457.00,-9.453.00,-,Utilities/Serviciosdeutilidadp�blica,MADRID(MADRID)
199,COMPA�IANORTE�ADEBEBIDASGASEOSASNORBEGASL,877.595.695,845.184.324,-28.080.629,34.210.622,376,BebidasyTabaco,GALDAKAO(VIZCAYA)
200,TENDAMRETAILSA,874.003.00,848.825.00,78.581.00,44.733.00,6.930,Ropa/textiles,MADRID(MADRID)
201,PROSEGURCOMPA�IADESEGURIDADSA,873.004.00,157.676.00,830.334.00,854.838.00,30,Otros/varios,MADRID(MADRID)
202,NAVANTIASASME,867.630.00,726.883.00,-296.935.00,-343.531.00,5.172,Industrianaval,Madrid(MADRID)
203,FASHIONRETAILSA,866.103.081,1.138.778.395,33.162.959,46.688.904,-,Ropa/textiles,ARTEIXO(LACORU�A)
204,HYUNDAIMOTORESPA�ASL,864.030.057,778.428.153,1.726.021,12.147.368,117,Automotor,MADRID(MADRID)
205,ACCENTURESL,863.386.115,760.840.076,22.797.661,33.409.702,3.298,Consultor�aempresarialyotros,MADRID(MADRID)
206,PRODUBANSERVICIOSINFORMATICOSGENERALESSL,862.498.00,959.069.00,3.052.00,116.998.00,1.766,Telecomunicaciones,BOADILLADELMO(MADRID)
207,JANSSENCILAGSA,858.971.00,808.921.00,38.003.00,35.844.00,733,Productosf�rmacos/Medicamentos,madrid(MADRID)
208,ATRESMEDIACORPORACIONDEMEDIOSDECOMUNICACIONSA,858.716.00,852.299.00,137.292.00,137.187.00,-,RadioyTelevisi�n,SANSEBASTIAND(MADRID)
209,ESTACIONESDESERVICIODEGUIPUZCOASA,858.657.00,656.191.00,4.181.00,7.459.00,47,Petr�leoygas,DONOSTIA-SANSE(GUIP�ZCOA)
210,REPSOLSA,857.00.00,3.031.00.00,-821.00.00,-718.00.00,2.174,Petr�leoygas,MADRID(MADRID)
211,ROCHEFARMASA,848.201.00,769.122.00,65.177.00,66.103.00,974,Productosf�rmacos/Medicamentos,MADRID(MADRID)
212,METALURGICAGALAICASA,-,846.320.856,-,-,-,Acero,Nar�n(LACORU�A)
213,BRIDGESTONEHISPANIASA,842.351.00,739.699.00,15.197.00,48.341.00,2.797,Automotor,basuri(VIZCAYA)
214,DANONESA,840.825.00,875.488.00,93.772.00,88.857.00,1.214,Productosalimenticios,BARCELONA(BARCELONA)
215,CONDISSUPERMERCATSSA,832.461.036,788.722.935,9.549.044,32.566.116,3.896,Minoristasdealimentos/medicamentos,MontcadaIReix(BARCELONA)
216,MERCKSHARP&DOHMEDEESPA�ASA,831.978.00,675.406.00,25.342.00,33.144.00,953,Minoristasdealimentos/medicamentos,MADRID(MADRID)
217,EONENERGIASL,830.830.00,866.365.00,29.206.00,41.939.00,-,Utilities/Serviciosdeutilidadp�blica,SANTANDER(CANTABRIA)
218,JGARCIACARRIONSA,818.615.546,663.050.655,15.034.688,47.495.125,192,BebidasyTabaco,JUMILLA(MURCIA)
219,PLATAFORMACOMERCIALDERETAILSA,816.376.808,724.361.265,4.319.893,9.148.235,1.332,Automotor,MADRID(MADRID)
220,KIAMOTORSIBERIASL,-,813.766.00,-,-,88,Automotor,ALCOBENDAS(MADRID)
221,MEDIASETESPA�ACOMUNICACIONSA,805.921.600,779.044.290,164.665.553,325.126.304,-,RadioyTelevisi�n,Madrid(MADRID)
22,OBRASCONHUARTELAINSA,801.717.00,626.11.00,-61.780.00,-98.771.00,5.950,Construcci�nyDesarrollo,MADRID(MADRID)
223,EUROMADIIBERICASA,793.179.278,698.22.695,1.530.641,2.364.895,51,Otros/varios,ESPLUGUESDELL(BARCELONA)
224,CECOSASUPERMERCADOSSL,791.373.00,773.322.00,13.138.00,27.364.00,3.024,Minoristasdealimentos/medicamentos,ELORRIO(VIZCAYA)
225,NEXUSENERGIASA,788.920.00,708.11.00,2.004.00,2.870.00,132,Utilities/Serviciosdeutilidadp�blica,MADRID(MADRID)
226,CAMPAIBERIASA,787.705.00,551.567.00,16.176.00,12.479.00,17,Petr�leoygas,BARCELONA(BARCELONA)
227,WYETHFARMASA,787.317.900,900.010.862,389.625.274,455.366.516,260,Productosf�rmacos/Medicamentos,SANSEBASTIAND(MADRID)
228,GRUPOELARBOLDISTRIBUCIONYSUPERMERCADOSSA,786.785.00,858.536.00,-27.587.00,-1.875.00,5.962,Minoristasdealimentos/medicamentos,lasrozasdema(MADRID)
229,TSKELECTRONICAYELECTRICIDADSA,785.149.420,773.558.791,17.818.845,96.767.799,637,Construcci�nyDesarrollo,GIJON(ASTURIAS)
230,SOVENAESPA�ASA,784.296.349,771.034.362,-16.305.00,-8.566.756,252,Productosalimenticios,brenes(SEVILLA)
231,LAFARGARODSL,776.573.193,539.546.235,3.165.388,6.209.733,22,Metalesnoferrosos/minerales,LesMasiesDeV(BARCELONA)
232,URBASERSA,765.954.00,735.840.00,40.254.00,108.764.00,12.624,Servicios&EquiposEcol�gicos,MEDRID(MADRID)
233,TORRASPAPELSA,763.501.693,767.808.066,-20.083.469,49.500.178,1.891,Industriamaderera,Getafe(MADRID)
234,GONVARRIICENTRODESERVICIOSSL,763.060.00,581.962.00,49.618.00,66.741.00,462,Acero,MADRID(MADRID)
235,SADAMM,752.324.200,718.296.108,64.252.77,104.970.229,570,BebidasyTabaco,BARCELONA(BARCELONA)
236,SANOFI-AVENTISSA,751.499.00,620.637.00,6.438.00,16.847.00,1.133,Productosf�rmacos/Medicamentos,BARCELONA(BARCELONA)
237,REPSOLLUBRICANTESYESPECIALIDADESSA,749.429.00,635.527.00,42.538.00,58.910.00,390,Petr�leoygas,Madrid(MADRID)
238,AFBSAMHOLDINGSSL,733.426.00,40.821.00,733.408.00,733.408.00,-,Intermediariosfinancieros,BOADILLADELMO(MADRID)
239,ORANGEESPA�ACOMUNICACIONESFIJASSL,730.567.00,338.185.00,75.825.00,287.351.00,189,Telecomunicaciones,POZUELODEALAR(MADRID)
240,FCCAQUALIASA,729.989.00,692.165.00,74.006.00,161.694.00,5.133,Utilities/Serviciosdeutilidadp�blica,MADRID(MADRID)
241,INDUSTRIADETURBOPROPULSORESSA,729.296.00,670.049.00,60.932.00,106.925.00,2.046,Aeroespacialydefensa,Zamudio(VIZCAYA)
242,QUIMIDROGASA,727.264.546,632.976.190,10.750.248,19.082.633,421,Productosqu�micosypl�sticos,Barcelona(BARCELONA)
243,PROSEGURSOLUCIONESINTEGRALESDESEGURIDADESPA�ASL,726.848.00,630.248.00,6.963.00,22.421.00,21.693,Consultor�aempresarialyotros,MADRID(MADRID)
244,CORPORACIONALIMENTARIAPE�ASANTASA,719.658.00,665.833.00,14.361.00,28.774.00,1.097,Productosalimenticios,SIERO(ASTURIAS)
245,GRUPOEROSKIDISTRIBUCIONSA,719.102.00,841.474.00,494.00,2.072.00,-,Minoristasdealimentos/medicamentos,ELORRIO(VIZCAYA)
246,BENTELERIBERICAHOLDINGSL,716.811.00,676.423.00,102.882.00,12.500.00,67,Automotor,BURGOS(BURGOS)
247,NANTASA,716.217.00,728.062.00,13.992.00,15.875.00,419,Productosalimenticios,TRESCANTOS(MADRID)
248,RENFEFABRICACIONYMANTENIMIENTOSOCIEDADMERCANTILESTATALSA,715.830.00,694.054.00,12.393.00,27.417.00,3.229,Ferrocarrilyindustriascorrespondientes,MADRID(MADRID)
249,ADECCOTTSAEMPRESADETRABAJOTEMPORAL,712.802.881,641.067.871,8.072.796,8.763.912,19.780,Otros/varios,PozuelodeAlar(MADRID)
250,GRUPSUPECOMAXORSL,712.754.508,676.864.880,-4.354.649,19.113.99,4.380,Minoristasdealimentos/medicamentos,ALCOBENDAS(MADRID)
251,EVERISSPAINSL,703.897.00,602.337.00,16.664.00,35.310.00,7.306,Consultor�aempresarialyotros,MADRID(MADRID)
252,SIEMENSSA,701.457.495,676.763.517,24.392.255,23.303.010,1.592,Productoselectr�nicos/el�ctricos,TresCantos(MADRID)
253,FERROVIALSERVICIOSSA,698.653.00,582.992.00,11.006.00,11.012.00,-,Construcci�nyDesarrollo,MADRID(MADRID)
254,ASEABROWNBOVERISA,697.823.00,685.143.00,-26.427.00,19.354.00,1.905,Productoselectr�nicos/el�ctricos,MADRID(MADRID)
255,MELIAHOTELSINTERNATIONALSA,695.311.540,603.015.730,77.024.420,76.063.630,5.039,Alojamientoycasinos,PALMADEMALLOR(ISLASBALEARES)
256,BANKIAMAPFREVIDASADESEGUROSYREASEGUROS,-,693.500.00,-,-,41,Seguro,MAJADAHONDA(MADRID)
257,IFARETAILSA,-,692.364.00,-,-,69,Minoristasdealimentos/medicamentos,Alcobendas(MADRID)
258,ASTURIANADEZINCSA,692.030.00,550.711.00,33.922.00,68.803.00,946,Metalesnoferrosos/minerales,SANJUANDENIE(ASTURIAS)
259,INFORMATICAELCORTEINGLESSA,685.497.237,642.821.954,27.962.293,47.551.127,2.182,Minoristas(exceptoalimentosymedicamentos),MADRID(MADRID)
260,GOA-INVESTSA,685.491.426,549.357.694,35.463.245,47.113.547,138,Construcci�nyDesarrollo,Arteixo(LACORU�A)
261,ERCROSSA,680.408.00,597.845.00,44.633.00,45.279.00,1.319,Productosqu�micosypl�sticos,BARCELONA(BARCELONA)
262,SIDENORACEROSESPECIALESSL,679.740.00,676.357.00,58.736.00,82.187.00,1.752,Acero,BASAURI(VIZCAYA)
263,INDUSTRIASCARNICASLORIENTEPIQUERASSA,679.651.878,531.866.129,35.005.376,60.901.531,1.394,Productosalimenticios,TARANCON(CUENCA)
264,HENNESANDMAURITZSL,679.627.00,689.837.00,14.294.00,48.964.00,6.269,Ropa/textiles,Barcelona(BARCELONA)
265,TELEFONICASOLUCIONESDEINFORMATICAYCOMUNICACIONESDEESPA�ASA,677.837.00,675.788.00,13.575.00,17.277.00,1.00,Telecomunicaciones,Madrid(MADRID)
266,REALMADRIDCLUBDEFUTBOL,672.894.00,672.894.00,21.372.00,136.237.00,776,Productos/actividadesdeocio/Pel�culas,MADRID(MADRID)
267,ESPRINETIBERICASL,672.494.00,728.569.00,830.00,9.047.00,-,Productoselectr�nicos/el�ctricos,ZARAGOZA(ZARAGOZA)
268,SOCIEDADDECOMPRASMODERNASSA,668.055.195,634.133.864,11.840.591,16.143.525,100,Minoristasdealimentos/medicamentos,MADRID(MADRID)
269,SUPERCORSA,-,660.305.415,-,-,4.250,Minoristasdealimentos/medicamentos,MADRID(MADRID)
270,NORDEXENERGYSPAINSA,659.574.00,289.965.00,11.704.00,37.416.00,628,Construcci�nyDesarrollo,BARASOAIN(NAVARRA)
271,FINANCIERAMADERERASA,659.224.756,608.789.241,56.102.682,92.160.456,2.498,Industriamaderera,SANTIAGODECOM(LACORU�A)
272,MAPFRESA,-,659.215.00,-,-,480,Seguro,MAJADAHONDA(MADRID)
273,PHILIPMORRISSPAINSL,651.324.944,66.913.181,52.435.716,71.056.887,371,BebidasyTabaco,Madrid(MADRID)
274,LACTALISPULEVASL,651.199.456,633.405.334,2.250.852,33.407.707,231,Productosalimenticios,GRANADA(GRANADA)
275,FUTBOLCLUBBARCELONA,648.218.00,620.115.00,18.134.00,11.217.00,1.104,Productos/actividadesdeocio/Pel�culas,BARCELONA(BARCELONA)
276,GASYELECTRICIDADGENERACIONSA,647.407.00,527.553.00,86.283.00,178.857.00,373,Petr�leoygas,PALMADEMALLOR(ISLASBALEARES)
277,PESCANOVAESPA�ASL,645.756.00,618.425.00,7.382.00,17.99.00,989,Productosalimenticios,REDONDELA(PONTEVEDRA)
278,EXPLOTACIONESTACIONDESERVICIOSA,644.311.00,594.289.00,1.329.00,1.708.00,1.124,Petr�leoygas,MADRID(MADRID)
279,FORTIAENERGIASL,640.875.00,521.915.00,197.00,902.00,17,Utilities/Serviciosdeutilidadp�blica,MADRID(MADRID)
280,COBEGAEMBOTELLADORSL,640.647.160,661.964.869,11.264.391,33.166.075,1.189,BebidasyTabaco,ESPLUGUESDELL(BARCELONA)
281,HAVASMEDIAGROUPSPAINSA,640.151.00,691.166.00,-24.093.00,-7.925.00,601,Consultor�aempresarialyotros,BARCELONA(BARCELONA)
282,BRAVOCAPITALTOROFINANCESL,639.889.550,707.657.830,-2.933.470,63.810,31,Intermediariosfinancieros,MADRID(MADRID)
283,GMFUELSERVICESL,638.104.253,320.815.102,922.219,1.761.199,14,Petr�leoygas,MADRID(MADRID)
284,EULENSA,635.890.00,629.221.00,4.811.00,20.346.00,28.466,Equiposyservicioscomerciales,BILBAO(VIZCAYA)
285,TELEFONICALATINOAMERICAHOLDINGSL,635.687.00,430.858.00,219.505.00,306.020.00,-,Telecomunicaciones,MADRID(MADRID)
286,ALIMERKASA,632.946.00,612.733.00,13.037.00,25.286.00,6.491,Minoristasdealimentos/medicamentos,LUGODELLANERA(ASTURIAS)
287,TELEFONICAINTERNATIONALWHOLESALESERVICESSL,-,631.557.00,-,-,482,Telecomunicaciones,MADRID(MADRID)
288,CALIDADPASCUALSA,628.262.00,621.792.00,-14.206.00,62.648.00,1.639,Productosalimenticios,ARANDADEDUERO(BURGOS)
289,RIVASAMINTERCONTINENTALSA,621.732.090,540.868.130,30.274.840,36.363.240,77,Productosalimenticios,ZUERA(ZARAGOZA)
290,IBMGLOBALSERVICESESPA�ASA,619.947.00,593.213.00,41.605.00,102.253.00,1.894,Consultor�aempresarialyotros,SANFERNANDODE(MADRID)
291,ANIDAOPERACIONESSINGULARESSA,613.623.00,448.254.00,-392.752.00,-507.908.00,436,Inmobiliariasysimilares,Madrid(MADRID)
292,GEDESCOFINANCESL,604.659.583,453.230.169,3.375.965,12.332.401,237,Intermediariosfinancieros,VALENCIA(VALENCIA)
293,MEROILSA,603.594.819,524.688.538,10.499.214,13.989.309,103,Petr�leoygas,BARCELONA(BARCELONA)
294,CRITERIACAIXASA,602.848.00,543.462.00,361.181.00,476.229.00,81,Intermediariosfinancieros,PALMADEMALLOR(ISLASBALEARES)
295,ANECOOPSCOOP,601.192.810,576.004.689,1.658.375,2.534.764,183,Agricultura,VALENCIA(VALENCIA)
296,NISSANIBERIASA,-,601.121.00,-,-,146,Automotor,&nbsp;(BARCELONA)
297,JOHNSONCONTROLSAUTOBATERIASSL,600.550.129,457.929.823,44.225.054,63.66.014,66,Productoselectr�nicos/el�ctricos,MADRID(MADRID)
298,ACEITESDELSUR-COOSURSA,600.440.917,480.315.102,6.151.335,14.672.034,-,Productosalimenticios,JAEN(JA�N)
299,GLAXOSMITHKLINESA,598.195.773,586.270.714,21.55.743,20.579.063,582,Productosf�rmacos/Medicamentos,TRESCANTOS(MADRID)
300,GRIFOLSSA,597.536.903,523.121.562,341.327.404,419.928.447,612,Productosf�rmacos/Medicamentos,BARCELONA(BARCELONA)
301,BRICOLAJEBRICOMANSL,594.552.584,435.212.190,28.66.695,39.242.565,2.364,Minoristas(exceptoalimentosymedicamentos),ALCOBENDAS(MADRID)
302,SECURITASDIRECTESPA�ASA,593.819.00,513.705.00,92.835.00,167.830.00,5.055,Consultor�aempresarialyotros,POZUELODEALAR(MADRID)
303,INDORAMAVENTURESQUIMICASL,592.664.00,453.578.00,90.303.00,134.640.00,278,Productosqu�micosypl�sticos,SANROQUE(C�DIZ)
304,ZARDOYAOTISSA,590.879.00,570.623.00,152.289.00,166.078.00,3.200,Equiposindustriales,MADRID(MADRID)
305,LGELECTRONICSESPA�ASA,590.534.00,577.981.00,4.191.00,5.734.00,330,Productoselectr�nicos/el�ctricos,LASROZAS(MADRID)
306,LIPIDOSSANTIGASA,589.348.378,503.969.136,8.544.030,20.589.504,149,Productosalimenticios,SANTAPERPETUA(BARCELONA)
307,CEPSAGASCOMERCIALIZADORASA,588.522.00,557.982.00,-34.143.00,-31.877.00,25,Petr�leoygas,MADRID(MADRID)
308,ALUDIUMTRANSFORMACIONDEPRODUCTOSSL,584.924.00,486.375.00,2.741.00,14.925.00,807,Metalesnoferrosos/minerales,AMOREBIETA(VIZCAYA)
309,COBRAINSTALACIONESYSERVICIOSSA,583.676.00,665.074.00,120.605.00,-15.516.00,3.950,Construcci�nyDesarrollo,MADRID(MADRID)
310,GAVILONESPA�ASL,582.138.347,430.625.966,1.036.934,1.261.276,11,Agricultura,MADRID(MADRID)
311,MERCEDESBENZRETAILSA,-,577.673.00,-,-,675,Automotor,MADRID(MADRID)
312,COMPA�IALOGISTICADEHIDROCARBUROSCLHSA,577.430.00,558.511.00,210.740.00,340.052.00,1.042,Petr�leoygas,MADRID(MADRID)
313,ENERGYAVMGESTIONDEENERGIASL,575.961.250,538.554.00,-2.470.100,6.196.280,159,Utilities/Serviciosdeutilidadp�blica,MADRID(MADRID)
314,AUTOPISTASCONCESIONARIAESPA�OLASA,575.841.00,55.874.00,297.969.00,488.139.00,612,Utilities/Serviciosdeutilidadp�blica,Barcelona(BARCELONA)
315,MODELOCONTINENTEINTERNATIONALTRADESA,574.403.171,582.875.669,14.579.235,18.390.527,69,Minoristasdealimentos/medicamentos,ALCORCON(MADRID)
316,SANTUSAHOLDINGSL,574.390.00,379.462.00,616.754.00,561.194.00,5,Intermediariosfinancieros,BOADILLADELMO(MADRID)
317,MONDELEZESPA�ACOMMERCIALSL,569.624.00,570.834.00,-12.168.00,13.432.00,315,Minoristasdealimentos/medicamentos,MADRID(MADRID)
318,REFRESCOSENVASADOSDELSURSL,569.306.294,576.120.368,22.912.200,41.807.430,813,BebidasyTabaco,LARINCONADA(SEVILLA)
319,LEARCORPORATIONHOLDINGSPAINSL,565.454.00,528.042.00,47.296.00,42.678.00,1.104,Automotor,valls(TARRAGONA)
320,ARCELORMITTALOLABERRIA-BERGARASL,565.052.00,529.349.00,6.024.00,14.796.00,618,Acero,OLABERRIA(GUIP�ZCOA)
321,DISTRIBUCIONESFROIZSA,563.828.759,543.643.621,8.276.313,22.558.301,4.162,Minoristasdealimentos/medicamentos,POIO(PONTEVEDRA)
322,VINZEOTECHNOLOGIESSA,563.116.756,550.949.723,6.508.059,9.480.885,136,Productoselectr�nicos/el�ctricos,Bilbao(VIZCAYA)
323,COMPA�IAGENERALDECOMPRASAGROPECUARIASSL,562.706.265,557.453.748,1.693.507,3.304.827,86,Agricultura,LLEIDA(LLEIDA)
324,GLOBALSTEELWIRESA,562.376.00,470.257.00,21.235.00,50.725.00,599,Acero,CERDANYOLADEL(BARCELONA)
325,JOHNDEEREIBERICASA,559.967.00,496.661.00,27.561.00,51.945.00,1.146,Equiposindustriales,GETAFE(MADRID)
326,ESSITYSPAINSL,557.259.00,567.148.00,32.939.00,67.653.00,701,Industriamaderera,PUIGPELAT(TARRAGONA)
327,FAURECIAAUTOMOTIVEESPA�ASA,554.755.00,481.832.00,274.372.00,284.943.00,1.270,Automotor,RIVASVACIAMADR(MADRID)
328,INTERNATIONALBUSINESSMACHINESSA,552.503.00,578.704.00,21.136.00,24.446.00,1.077,Consultor�aempresarialyotros,MADRID(MADRID)
329,VALCARCETARJETATRANSPORTESA,551.651.932,434.382.334,5.331.905,7.113.684,-,Minoristas(exceptoalimentosymedicamentos),LAPORTELADEV(LE�N)
330,BASELLPOLIOLEFINASIBERICASL,551.423.00,474.779.00,60.971.00,73.688.00,244,Productosqu�micosypl�sticos,barcelona(BARCELONA)
331,KUWAITPETROLEUMESPA�ASA,550.388.00,443.419.00,-216.00,1.850.00,42,Petr�leoygas,MADRID(MADRID)
332,UNILEVERESPA�ASA,549.137.00,551.448.00,9.948.00,23.721.00,469,Productosqu�micosypl�sticos,VILADECANS(BARCELONA)
33,ISSFACILITYSERVICESSA,548.784.638,545.730.660,5.510.884,29.119.776,25.215,Equiposyservicioscomerciales,MADRID(MADRID)
334,EMPRESAMUNICIPALDETRANSPORTESDEMADRIDSA,546.977.214,533.369.119,2.738.204,43.045.772,9.270,Transporteterrestre,Madrid(MADRID)
335,COVIRANSCOOPAND,545.542.519,535.734.228,1.033.791,5.402.812,968,Minoristasdealimentos/medicamentos,ATARFE(GRANADA)
336,CROWNFOODESPA�ASA,545.430.00,523.341.00,-26.530.00,79.252.00,1.897,Equipamientoindustrialenmetal,LASTORRESDEC(MURCIA)
337,ERICSSONESPA�ASA,543.191.00,627.871.00,12.203.00,78.358.00,2.161,Productoselectr�nicos/el�ctricos,MADRID(MADRID)
338,GLENCOREESPA�ASA,537.554.662,510.003.631,4.223.184,-1.832.026,40,Petr�leoygas,MADRID(MADRID)
339,CAMPSAESTACIONESDESERVICIOSA,535.443.00,525.669.00,34.597.00,47.425.00,-,Petr�leoygas,MADRID(MADRID)
340,GILEADSCIENCESSL,535.278.00,703.036.00,9.488.00,13.953.00,181,Minoristasdealimentos/medicamentos,Madrid(MADRID)
341,GROUPMPUBLICIDADWORLDWIDESA,533.765.00,649.561.00,734.00,1.200.00,236,Publicaci�n,MAJADAHONDA(MADRID)
342,FERTIBERIASA,533.604.00,484.121.00,-2.872.00,16.284.00,-,Productosqu�micosypl�sticos,Madrid(MADRID)
343,SCHINDLERIBERICAMANAGEMENTSA,-,532.627.00,-,-,72,Consultor�aempresarialyotros,ZARAGOZA(ZARAGOZA)
344,ARVALSERVICELEASESA,531.715.00,479.786.00,64.674.00,420.124.00,529,Leasingdeequipos,SANSEBASTIAND(MADRID)
345,ALTAMIRASANTANDERREALESTATESA,531.637.00,460.869.00,-189.047.00,-194.173.00,27,Intermediariosfinancieros,BOADILLADELMO(MADRID)
346,EUROFIELCONFECCIONSA,528.381.00,546.325.00,42.151.00,60.743.00,101,Ropa/textiles,MADRID(MADRID)
347,DEOLEOSA,528.177.00,499.827.00,-37.579.00,-5.506.00,273,Productosalimenticios,Alcolea(C�RDOBA)
348,LOUISDREYFUSCOMPANYESPA�ASA,527.838.148,440.796.550,967.192,903.030,19,Agricultura,MADRID(MADRID)
349,NOKIASPAINSA,526.760.00,345.010.00,12.330.00,30.672.00,1.019,Productoselectr�nicos/el�ctricos,MADRID(MADRID)
350,CESPACOMPA�IAESPA�OLADESERVICIOSPUBLICOSAUXILIARESSA,523.933.00,518.263.00,-6.748.00,52.989.00,8.532,Utilities/Serviciosdeutilidadp�blica,MADRID(MADRID)
351,SANTANDERGLOBALTECHNOLOGYSL,522.663.00,644.941.00,29.949.00,43.809.00,816,Intermediariosfinancieros,BOADILLADELMO(MADRID)
352,MERCURIAENERGIASL,517.773.00,80.876.00,9.00,8.674.00,-,Petr�leoygas,MAJADAHONDA(MADRID)
353,ENAGASSA,516.469.00,523.119.00,349.454.00,419.375.00,338,Petr�leoygas,MADRID(MADRID)
354,CONWAYTHECONVENIENCECOMPANYSA,516.293.644,479.533.00,4.334.664,7.167.719,528,Productosalimenticios,Quer(GUADALAJARA)
355,MINASDEAGUASTE�IDASSA,516.161.724,311.612.980,87.553.878,268.907.189,673,Metalesnoferrosos/minerales,ALMONASTERLAR(HUELVA)
356,DTSDISTRIBUIDORADETELEVISIONDIGITALSA,513.816.00,593.882.00,36.049.00,96.827.00,185,RadioyTelevisi�n,TRESCANTOS(MADRID)
357,ROCASANITARIOSA,511.323.00,457.053.00,56.853.00,49.421.00,992,Construcci�nyDesarrollo,BARCELONA(BARCELONA)
358,ANSCOOP,510.043.00,471.006.00,7.919.00,7.508.00,318,Agricultura,TAJONAR(NAVARRA)
359,SABADELLINFORMATIONSYSTEMSSA,508.645.767,281.898.706,28.138.635,105.899.520,714,Intermediariosfinancieros,SABADELL(BARCELONA)
360,FERROCARRILMETROPOLITADEBARCELONASA,507.850.553,491.562.474,-,57.397.544,3.610,Utilities/Serviciosdeutilidadp�blica,BARCELONA(BARCELONA)
361,ADIDASESPA�ASA,507.380.667,448.504.253,12.056.991,22.480.740,1.476,Productos/actividadesdeocio/Pel�culas,ZARAGOZA(ZARAGOZA)
362,SCHINDLERSA,507.124.00,336.746.00,51.152.00,39.355.00,2.404,Equiposindustriales,CARTUJABAJA(ZARAGOZA)
363,BENTELERMPPVAUTOMOTIVEMANUFACTURINGESPA�ASL,505.421.00,520.078.00,11.252.00,12.094.00,334,Automotor,VentadeBa�os(PALENCIA)
364,ACSACTIVIDADESDECONSTRUCCIONYSERVICIOSSA,503.487.00,1.445.897.00,654.495.00,441.695.00,-,Construcci�nyDesarrollo,madrid(MADRID)
365,ADIENTSEATINGSPAINSL,501.162.372,206.172.600,-2.449.928,3.693.906,1.035,Automotor,PEDROLA(ZARAGOZA)
366,FUJIKURAAUTOMOTIVEEUROPESA,501.049.526,458.281.736,-29.060.589,-47.981.901,166,Productoselectr�nicos/el�ctricos,ZARAGOZA(ZARAGOZA)
367,PUBLICISMEDIASPAINSL,499.684.00,489.567.00,58.00,98.00,124,Publicaci�n,MADRID(MADRID)
368,NEDGIACATALUNYASA,499.336.00,512.869.00,139.305.00,299.321.00,553,Petr�leoygas,Barcelona(BARCELONA)
369,COFCOINTERNATIONALRESOURCESESPA�ASL,499.136.846,392.235.293,-22.383.799,-29.894.435,15,Agricultura,POZUELODEALAR(MADRID)
370,HOTELBEDSSPAINSL,499.062.00,408.957.00,24.151.00,23.498.00,578,Productos/actividadesdeocio/Pel�culas,PALMADEMALLOR(ISLASBALEARES)
371,HENKELIBERICASA,-,497.725.00,-,-,476,Productoscosm�ticos/CuidadoPersonal,BARCELONA(BARCELONA)
372,ALUMINAESPA�OLASA,497.663.00,376.546.00,87.510.00,116.860.00,492,Metalesnoferrosos/minerales,MADRID(MADRID)
373,SEMARKACGROUPSA,497.229.521,467.484.297,6.035.842,17.095.645,2.927,Minoristasdealimentos/medicamentos,SANTANDER(CANTABRIA)
374,COSENTINOSA,497.148.060,412.047.854,42.679.761,81.843.856,1.936,Metalesnoferrosos/minerales,MACAEL(ALMER�A)
375,SUPERSOLSPAINSL,495.886.00,496.269.00,-1.313.00,-5.633.00,4.510,Minoristasdealimentos/medicamentos,GETAFE(MADRID)
376,CECOSAHIPERMERCADOSSL,495.732.00,792.400.00,-84.147.00,-43.809.00,720,Minoristasdealimentos/medicamentos,MADRID(MADRID)
377,ECOEMBALAJESESPA�ASA,-,494.174.00,-,-,145,Industriamaderera,MADRID(MADRID)
378,ALMIRALLSA,492.686.00,509.744.00,-220.893.00,-94.484.00,572,Productosf�rmacos/Medicamentos,Barcelona(BARCELONA)
379,SUPERMERCADOSCHAMPIONSA,491.543.370,454.243.732,5.071.614,20.082.833,3.539,Minoristasdealimentos/medicamentos,ALCOBENDAS(MADRID)
380,KUEHNE&NAGELSA,491.237.00,465.579.00,7.497.00,12.171.00,1.935,Transportea�reo,MejoradaDelCa(MADRID)
381,OMNICOMMEDIAGROUPSL,490.023.00,388.198.00,1.624.00,1.310.00,121,Equiposyservicioscomerciales,MADRID(MADRID)
382,MAGNETIMARELLIESPA�ASA,489.367.228,458.815.542,33.390.107,60.570.630,1.253,Automotor,LLINARESDELVA(BARCELONA)
383,COFCOINTERNATIONALAGROCOMERCIALSA,489.362.00,647.536.00,-21.408.00,-17.862.00,21,Agricultura,PozueloDeAlar(MADRID)
384,ZARAHOMEESPA�ASA,489.285.153,486.783.483,28.278.130,25.315.667,-,Ropa/textiles,ARTEIXO(�LAVA)
385,ALSTOMTRANSPORTESA,488.327.00,454.203.00,28.117.00,41.235.00,1.791,Ferrocarrilyindustriascorrespondientes,MADRID(MADRID)
386,INITECPLANTASINDUSTRIALESSA,486.950.00,641.266.00,-47.876.00,31.707.00,1.369,Construcci�nyDesarrollo,MADRID(MADRID)
387,PENINSULAPETROLEUMSL,486.692.219,299.272.438,1.811.205,1.858.412,13,Petr�leoygas,LOSBARRIOS(C�DIZ)
388,ENDESAREDSA,484.709.00,700.525.00,450.837.00,479.235.00,40,Utilities/Serviciosdeutilidadp�blica,madrid(MADRID)
389,EXIDETECHNOLOGIESSL,484.705.00,436.210.00,9.509.00,17.567.00,1.387,Automotor,AZUQUECADEHEN(GUADALAJARA)
390,EUROPASTRYSA,483.786.253,443.731.069,24.558.388,70.900.944,1.571,Productosalimenticios,SantCugatdel(BARCELONA)
391,TRAVELTINO2009SL,482.437.474,434.063.754,548.646,692.225,168,Productos/actividadesdeocio/Pel�culas,santacruzdet(SANTACRUZDET)
392,ABASICSL,479.011.358,533.631.439,69.703.613,30.083.636,1.002,Ropa/textiles,BARCELONA(BARCELONA)
393,ALTADISSA,478.726.00,541.499.00,117.919.00,178.051.00,635,BebidasyTabaco,Madrid(MADRID)
394,SCHWEPPESSA,477.436.00,475.725.00,12.480.00,49.478.00,1.154,BebidasyTabaco,MADRID(MADRID)
395,SCANIAHISPANIASA,475.970.00,440.071.00,13.903.00,43.598.00,-,Automotor,SANFERNANDODE(MADRID)
396,ABAZUCARERAIBERIASL,473.710.00,400.414.00,28.914.00,55.385.00,767,Productosalimenticios,MADRID(MADRID)
397,AIRNOSTRUMLINEASAEREASDELMEDITERRANEOSA,470.918.00,437.522.00,13.207.00,24.959.00,1.394,Transportea�reo,QUARTDEPOBLET(VALENCIA)
398,FRIGORIFICOSCOSTABRAVASA,470.071.050,411.786.177,13.966.884,25.089.381,615,Productosalimenticios,RIUDELLOTSDEL(GIRONA)
399,DALPHIMETALESPA�ASA,470.010.00,368.564.00,-28.264.00,-23.596.00,820,Automotor,VIGO(PONTEVEDRA)
400,ARCELORMITTALSPAINHOLDINGSL,469.338.435,35.874.094,453.282.605,454.628.076,100,Acero,MADRID(MADRID)
401,TETRAPAKHISPANIASA,468.996.718,469.791.646,11.429.547,24.151.665,313,Productosalimenticios,ArgandadelRey(MADRID)
402,FERRERINTERNACIONALSA,463.278.517,418.481.136,51.473.925,26.689.802,1.170,Productosf�rmacos/Medicamentos,BARCELONA(BARCELONA)
403,MERCARTABRIASL,463.210.075,449.414.301,19.388.336,31.498.233,2.739,Minoristasdealimentos/medicamentos,BETANZOS(LACORU�A)
404,EMPRESADETRANSFORMACIONAGRARIASASMEMP,463.128.00,462.445.00,-7.432.00,-1.00,6.343,Equiposindustriales,MADRID(MADRID)
405,ABBVIESPAINSL,462.223.00,529.780.00,-1.314.00,18.146.00,530,Productosf�rmacos/Medicamentos,Madrid(MADRID)
406,FENIEENERGIASA,456.594.584,332.340.541,717.665,2.517.623,141,Utilities/Serviciosdeutilidadp�blica,LasRozas(MADRID)
407,GRUPOEMPRESARIALSANTANDERSL,454.829.00,430.577.00,275.855.00,411.875.00,5,Intermediariosfinancieros,BOADILLADELMO(MADRID)
408,PFIZERSL,454.806.00,483.186.00,9.726.00,16.536.00,595,Productosf�rmacos/Medicamentos,ALCOBENDAS(MADRID)
409,LIBERBANKSA,454.595.00,621.833.00,-345.544.00,79.584.00,-,Intermediariosfinancieros,MADRID(MADRID)
410,RIUSAIISA,454.101.00,427.688.00,122.415.00,181.680.00,3.287,Alojamientoycasinos,PALMADEMALLOR(ISLASBALEARES)
411,VIDRALASA,452.914.00,423.540.00,121.653.00,53.981.00,134,Contenedoresyproductosdevidrio,LLODIO(�LAVA)
412,COMAPA2001SL,451.727.710,339.816.745,18.105.349,29.898.244,24,Productosalimenticios,ALCOBENDAS(MADRID)
413,CARLSONWAGONLITESPA�ASL,450.887.00,446.778.00,-6.77.00,-4.036.00,824,Productos/actividadesdeocio/Pel�culas,Madrid(MADRID)
414,GARCIAMUNTEENERGIASL,449.365.865,338.094.459,9.178.497,1.185.043,102,Metalesnoferrosos/minerales,PRATDELLOBREG(BARCELONA)
415,NEMAKEXTERIORSL,448.303.702,493.552.637,-31.974.609,-22.142.097,9,Automotor,ALCOBENDAS(MADRID)
416,AERNNOVAAEROSPACESA,446.892.00,441.892.00,70.865.00,56.552.00,150,Aeroespacialydefensa,MI�ANOMAYOR(�LAVA)
417,DISCOVERYNETWORKSSL,446.499.001,361.083.806,691.657,12.696.616,71,RadioyTelevisi�n,MADRID(MADRID)
418,COMPA�IAOPERADORADECORTOYMEDIORADIOIBERIAEXPRESSA,445.494.230,412.164.770,31.157.450,49.876.200,643,Transportea�reo,MADRID(MADRID)
419,CONSTRUCTORASANJOSESA,44.373.00,424.517.00,2.389.00,20.468.00,1.749,Construcci�nyDesarrollo,PONTEVEDRA(PONTEVEDRA)
420,LAFARGAYOURCOPPERSOLUTIONSSA,442.814.957,396.508.973,2.262.229,9.680.204,228,Metalesnoferrosos/minerales,LESMASIESDEV(BARCELONA)
421,UNIALCOSL,440.965.551,288.698.259,25.313.985,17.173.894,-,Minoristasdealimentos/medicamentos,IRUN(GUIP�ZCOA)
422,REPSOLEXPLORACIONMURZUQSA,440.532.00,-22.650.00,151.439.00,396.361.00,48,Petr�leoygas,MADRID(MADRID)
423,MANPOWERTEAMEMPRESADETRABAJOTEMPORALSA,440.355.00,416.174.00,668.00,2.252.00,12.700,Otros/varios,MADRID(MADRID)
424,BEDSONLINESL,436.719.00,468.008.00,968.00,1.809.00,-,Productos/actividadesdeocio/Pel�culas,PALMADEMALLOR(ISLASBALEARES)
425,RESTELSA,436.697.300,322.726.861,2.290.027,4.171.569,142,Productos/actividadesdeocio/Pel�culas,MADRID(MADRID)
426,AVINTIAPROYECTOSYCONSTRUCCIONESSL,436.315.163,321.378.560,10.680.735,13.612.619,977,Construcci�nyDesarrollo,POZUELODEALAR(MADRID)
427,BOEHRINGERINGELHEIMESPA�ASA,436.201.00,388.057.00,29.415.00,10.470.00,1.675,Productosf�rmacos/Medicamentos,BARCELONA(BARCELONA)
428,HIJOSDERIVERASA,435.510.752,376.259.390,60.167.640,124.403.495,614,BebidasyTabaco,LACORU�A(LACORU�A)
429,SEURGEOPOSTSL,434.88.163,399.837.701,-2.557.650,22.264.753,2.199,Transporteterrestre,MADRID(MADRID)
430,CARATESPA�ASA,433.119.487,418.371.238,23.348.805,5.872.506,282,Equiposyservicioscomerciales,Madrid(MADRID)
431,LACTALISCOMPRASYSUMINISTROSSL,432.996.397,392.054.053,801.861,2.980.868,51,Productosalimenticios,VILLALBA(LUGO)
432,ABERTISINFRAESTRUCTURASSA,432.639.00,288.429.00,274.897.00,338.964.00,186,Utilities/Serviciosdeutilidadp�blica,BARCELONA(BARCELONA)
433,WINDTOMARKETSA,430.731.00,322.953.00,179.00,331.00,36,Utilities/Serviciosdeutilidadp�blica,MADRID(MADRID)
434,MERCEDES-BENZVANSESPA�ASL,430.632.00,383.097.00,6.579.00,11.182.00,58,Automotor,Alcobendas(MADRID)
435,SASAUTOSYSTEMTECHNIKSA,425.299.00,452.390.00,7.110.00,11.002.00,423,Automotor,Arazuri(NAVARRA)
436,TRWAUTOMOTIVEESPA�ASL,425.043.00,415.455.00,30.203.00,53.939.00,2.231,Automotor,PAMPLONA(NAVARRA)
437,SAPESPA�ASISTEMASAPLICACIONESYPRODUCTOSENLAINFORMATICASA,423.029.548,346.952.578,28.517.746,39.846.020,587,Consultor�aempresarialyotros,MADRID(MADRID)
438,ACCIONAGREENENERGYDEVELOPMENTSSL,421.975.00,374.244.00,-7.893.00,-8.710.00,37,Construcci�nyDesarrollo,ALCOBENDAS(MADRID)
439,ASTRAZENECAFARMACEUTICASPAINSA,421.380.004,439.247.034,17.414.064,21.077.112,419,Productosf�rmacos/Medicamentos,MADRID(MADRID)
440,AIGUESDEBARCELONAEMPRESAMETROPOLITANADEGESTIODELCICLEINTEGRALDELAIGUASA,419.960.00,418.714.00,28.491.00,84.503.00,984,Utilities/Serviciosdeutilidadp�blica,BARCELONA(BARCELONA)
441,MANTRUCK&BUSIBERIASA,418.623.621,407.220.330,7.980.850,90.376.214,502,Automotor,COSLADA(MADRID)
442,DHLEXELSUPPLYCHAIN,418.605.00,409.473.00,11.823.00,14.364.00,2.892,Transporteterrestre,COSLADA(MADRID)
443,PETROMIRALLES3SL,418.201.112,358.977.340,454.139,1.296.644,6,Petr�leoygas,STAMARIAMIRAL(BARCELONA)
44,PAMESACERAMICASL,416.596.00,339.414.00,21.450.00,40.958.00,480,Construcci�nyDesarrollo,ALMAZORA(CASTELL�N)
445,JEALSARIANXEIRASA,415.748.520,356.828.527,15.518.835,23.105.746,240,Productosalimenticios,BOIRO(LACORU�A)
446,COBRELASCRUCESSA,412.452.00,327.149.00,104.161.00,292.498.00,266,Metalesnoferrosos/minerales,GERENA(SEVILLA)
447,ENCEENERGIAYCELULOSASA,412.100.00,366.894.00,69.813.00,81.025.00,458,Industriamaderera,MADRID(MADRID)
448,COMPA�IALEVANTINADEBEBIDASGASEOSASSL,410.822.879,327.557.597,5.875.662,16.973.360,506,BebidasyTabaco,QUARTDEPOBLET(VALENCIA)
449,SECURITASSEGURIDADESPA�ASA,410.579.00,382.841.895,9.163.847,22.893.775,-,Consultor�aempresarialyotros,Madrid(MADRID)
450,ABANCAHOLDINGFINANCIEROSA,405.242.00,300.089.00,388.563.00,404.215.00,-,Intermediariosfinancieros,MADRID(MADRID)
451,FRINSADELNOROESTESA,404.892.434,383.379.520,19.781.089,32.578.462,398,Productosalimenticios,RIBEIRA(LACORU�A)
452,ACCIONAAGUASA,403.272.00,479.283.00,16.058.00,25.106.00,3.051,Construcci�nyDesarrollo,ALCOBENDAS(MADRID)
453,WORLD2MEETSL,399.288.00,226.880.00,2.030.00,5.038.00,366,Productos/actividadesdeocio/Pel�culas,PALMADEMALLOR(ISLASBALEARES)
454,BPGASEUROPESA,399.162.494,408.198.626,17.708.506,25.914.407,-,Petr�leoygas,Alcobendas(MADRID)
455,AREASSA,396.570.00,364.153.00,18.583.00,35.008.00,4.255,Serviciodecomida,Barcelona(BARCELONA)
456,BORGESAGRICULTURAL&INDUSTRIALEDIBLEOILSSA,396.238.00,362.083.00,2.543.00,5.013.00,-,Productosalimenticios,TARREGA(LLEIDA)
457,SAINTGOBAINCRISTALERIASL,396.220.00,384.287.00,178.771.00,24.928.00,1.110,Construcci�nyDesarrollo,MADRID(MADRID)
458,HAVILOGISTICSFSLSL,395.877.592,369.398.369,43.820,790.357,397,Productosalimenticios,DAGANZODEARRI(MADRID)
459,SHELLESPA�ASA,394.382.00,255.500.00,16.557.00,29.985.00,127,Petr�leoygas,MADRID(MADRID)
460,MERCEDES-BENZTRUCKSESPA�ASL,394.236.00,368.294.00,-168.00,16.865.00,103,Automotor,ALCOBENDAS(MADRID)
461,FERROATLANTICASA,393.992.00,324.860.00,32.595.00,69.078.00,-,Acero,MADRID(MADRID)
462,HERBARICEMILLSSL,393.050.553,367.194.461,11.293.559,28.692.832,710,Productosalimenticios,SanJuandeAzn(SEVILLA)
463,IBERDROLAFINANCIACIONSA,392.982.00,422.552.00,15.472.00,364.740.00,-,Utilities/Serviciosdeutilidadp�blica,5(VIZCAYA)
464,CONTINENTALTIRESESPA�ASL,392.664.00,379.955.00,5.457.00,7.363.00,147,Automotor,SANFERNANDODE(MADRID)
465,SANTANDERINTERNATIONALDEBTSA,-,392.482.00,-,-,-,Intermediariosfinancieros,BOADILLADELMO(MADRID)
466,TEVAPHARMASL,391.279.498,441.921.521,20.229.892,40.107.855,914,Productosf�rmacos/Medicamentos,ALCOBENDAS(MADRID)
467,EMPRESANACIONALDERESIDUOSRADIACTIVOSSASMEMP,390.729.00,395.819.00,118.00,-112.436.00,324,Servicios&EquiposEcol�gicos,MADRID(MADRID)
468,AIRBUSHELICOPTERSESPA�ASA,389.718.936,328.445.554,26.931.563,36.730.427,508,Aeroespacialydefensa,ALBACETE(ALBACETE)
469,ENGIEESPA�ASL,387.568.625,372.321.158,24.574.153,718.458,-,Utilities/Serviciosdeutilidadp�blica,madrid(MADRID)
470,SENERINGENIERIAYSISTEMASSA,387.426.00,481.270.00,2.590.00,8.578.00,1.515,Consultor�aempresarialyotros,GETXO(VIZCAYA)
471,GAMESTORESIBERIASL,386.823.00,355.075.00,7.637.00,12.709.00,1.109,Productoselectr�nicos/el�ctricos,POZUELODEALAR(MADRID)
472,LACTEASGARCIABAQUEROSA,-,386.774.691,-,-,82,Productosalimenticios,ALCAZARDESAN(CIUDADREAL)
473,VOLVOCARESPA�ASL,-,386.569.597,-,-,98,Automotor,Madrid(MADRID)
474,PERNODRICARDESPA�ASA,384.625.675,361.933.671,121.285.099,39.736.060,445,BebidasyTabaco,M�laga(M�LAGA)
475,APPLERETAILSPAINSL,384.600.534,340.523.637,-371.016,19.459.054,1.287,Productoselectr�nicos/el�ctricos,madrid(MADRID)
476,SABADELLREALESTATEDEVELOPMENTSL,384.438.00,477.393.00,-614.730.00,-786.756.00,-,Intermediariosfinancieros,SANTCUGATDEL(BARCELONA)
477,ALEATICASA,383.182.00,112.413.00,330.075.00,336.932.00,84,Utilities/Serviciosdeutilidadp�blica,MADRID(MADRID)
478,MERLINPROPERTIESSOCIMISA,382.749.00,234.747.00,114.535.00,238.316.00,143,Inmobiliariasysimilares,MADRID(MADRID)
479,DISAREDDESERVICIOSPETROLIFEROSSA,381.278.00,350.785.00,33.101.00,45.441.00,47,Petr�leoygas,SANTACRUZDET(SANTACRUZDET)
480,VOTORANTIMCIMIENTOSEAAINVERSIONESSL,380.231.372,207.468.585,133.981.930,156.722.502,65,Construcci�nyDesarrollo,VIGO(PONTEVEDRA)
481,RESTAURANTESMCDONALDSSA,380.021.562,349.662.922,42.365.296,79.794.855,-,Serviciodecomida,MADRID(MADRID)
482,ESCURISSL,379.971.264,326.007.105,3.074.175,6.132.990,262,Productosalimenticios,POBRADOCARAMI(LACORU�A)
483,PFIZERGEPSL,379.015.00,453.345.00,5.882.00,19.027.00,313,Productosf�rmacos/Medicamentos,ALCOBENDAS(MADRID)
484,ABERTISAUTOPISTASESPA�ASA,378.371.00,320.102.00,31.653.00,77.528.00,90,Utilities/Serviciosdeutilidadp�blica,MADRID(MADRID)
485,ABBOTTLABORATORIES,378.327.00,441.930.00,18.290.00,34.622.00,649,Productosqu�micosypl�sticos,MADRID(MADRID)
486,GRANDESALMACENESFNACESPA�ASA,377.367.184,392.085.977,4.876.860,12.734.171,-,Minoristas(exceptoalimentosymedicamentos),POZUELODEALAR(MADRID)
487,UVESA,377.239.654,319.905.092,9.574.573,19.354.476,687,Agricultura,TUDELA(NAVARRA)
488,THEPHONEHOUSESPAINSL,-,374.778.00,-,-,1.751,Minoristas(exceptoalimentosymedicamentos),POZUELODEALAR(MADRID)
489,ESTEVEPHARMACEUTICALSSA,374.297.568,351.865.722,11.175.103,3.678.515,1.385,Productosf�rmacos/Medicamentos,barcelona(BARCELONA)
490,ROBERTBOSCHESPA�ASL,373.893.00,368.013.00,65.505.00,35.474.00,-,Productoselectr�nicos/el�ctricos,MADRID(MADRID)
491,COMERCIALGRUPOFREIXENETSA,373.691.629,369.812.585,15.086,832.276,252,BebidasyTabaco,SANTSADURNID�(BARCELONA)
492,MERCEDES-BENZPARTSLOGISTICSIBERICASL,373.595.00,92.917.00,5.665.00,9.451.00,209,Automotor,AZUQUECADEHEN(GUADALAJARA)
493,HEWLETT-PACKARDSERVICIOSESPA�ASL,369.735.744,737.636.063,-27.153.306,-6.420.822,1.062,Productoselectr�nicos/el�ctricos,LASROZAS(MADRID)
494,INSTITUTOGRIFOLSSA,369.210.55,368.209.831,140.030.430,175.429.304,1.205,Productosf�rmacos/Medicamentos,PARETSDELVALL(BARCELONA)
495,INDUSTRIASLACTEASDEGRANADASL,369.019.410,335.527.417,19.853.382,32.340.478,679,Productosalimenticios,GRANADA(GRANADA)
496,SERUNIONSA,368.457.00,360.526.00,2.269.00,16.098.00,7.159,Serviciodecomida,LEGANES(MADRID)
497,EURODEPOTESPA�ASA,368.138.00,384.625.00,872.00,7.616.00,1.793,Minoristas(exceptoalimentosymedicamentos),ELPRATDELLOB(BARCELONA)
498,TELEFONICASERVICIOSINTEGRALESDEDISTRIBUCIONSA,366.853.952,445.581.052,2.578.984,4.366.896,155,Telecomunicaciones,Madrid(MADRID)
499,XPOTRANSPORTSOLUTIONSSPAINSL,366.507.00,353.366.00,-1.846.00,10.558.00,1.194,Transporteterrestre,Santander(CANTABRIA)
500,VALORIZASERVICIOSMEDIOAMBIENTALESSA,366.344.261,324.120.617,10.678.803,41.346.499,5.490,Servicios&EquiposEcol�gicos,MADRID(MADRID)
